{"cameraMode":{"drawMode":0,"name":"Shaded","section":"Shading Mode"},"sceneLighting":false,"audioPlay":false,"sceneViewState":{"m_AlwaysRefresh":false,"showFog":true,"showSkybox":true,"showFlares":true,"showImageEffects":true,"showParticleSystems":true,"showVisualEffectGraphs":true,"m_FxEnabled":true},"in2DMode":false,"pivot":{"x":-3.4203312397003176,"y":2.650217294692993,"z":-7.5031914710998539},"rotation":{"x":-0.053137294948101047,"y":-0.00917750969529152,"z":-0.0012311176396906376,"w":-0.9989175796508789},"size":1.4142135381698609,"orthographic":false}